ContentID,ParentContentID,AssociateType,AssociateID,FileName,PageTitle,AdditionalPageTitle,MetaKeywords,MetaDescription,Template,CreatedDate,CreatedByUserID,PublishedDate,LastUpdated,UpdatedByUserID,Protected,Rank,ProductRank,Enabled,Featured,RedirectContentID,Views,MapID,GalleryID,NotificationType,tbl_Product_ProductID,tbl_Product_ManufacturerID,tbl_Product_Code,tbl_Product_MPN,tbl_Product_GTIN,tbl_Product_Price,tbl_Product_PriceWholesale,tbl_Product_SalePrice,tbl_Product_TotalStock,tbl_Product_Weight,tbl_Product_Width,tbl_Product_Height,tbl_Product_Location,tbl_Product_ShippingAdditional,tbl_Product_SpecificShippingTypeID,tbl_Product_Featured,tbl_Product_Derivative1,tbl_Product_Derivative2,tbl_Product_GoogleProductCategory,tbl_Product_GoogleAdwordsLabels,tbl_Product_GoogleAdwordsRedirect,tbl_Product_SpecialNote,tbl_Product_SpecialNoteShort,category_content_id,productType,tbl_derivative_DerivativeID,tbl_derivative_ProductID,tbl_derivative_Title,tbl_derivative_Title2,tbl_derivative_TotalStock,tbl_derivative_ProductImage,tbl_derivative_SwatchImage,tbl_derivative_BackInStock,tbl_derivative_Price,tbl_derivative_PriceWholesale,tbl_derivative_Weight,tbl_derivative_Location,tbl_derivative_Enabled,tbl_derivative_Code,tbl_derivative_DerivRank,tbl_derivative_DerivGTIN,tbl_derivative_DerivMPN
1565,0,Product,1150,/aastha-incense-sticks-satya-15g-box-of-twelve-special-offer/,Aastha Incense Sticks Satya 15g Box Of Twelve Special Offer,| Incense Sticks Nag Champa Aastha,"nag champa, aastha, incense stick, incense, aromatherapy, smoke, relaxing",Regular users of Nag Champa may have used Aastha already as it has been the free sample in standard packs of Nag Champa incense sticks. The fragrance is similar to the original Nag but with its own unique slightly floral aroma.,product.aspx,8/15/2012,1,8/15/2012,5/5/2021,2,0,1,0,1,0,0,11646,0,0,0,1150,14,,,,12.99,8.99,0,,100,0,0,A9A,0,0,0,Size,n/a,,,,This item is part of our 2 for 19.99 offer. Mix and match any 2 products in this offer for only 19.99!,Any 2 for 19.99,13049|51|57,config,2152,1150,Pack of Twelve Boxes (Approx 168 Sticks),n/a,0,,,,?2.99,?.99,0.5,A8B,1,1418,1,8.9018E+12
1566,0,Product,1151,/African-Jade-Palmstone/,African Jade Palmstone,| Palm Stone African Jade,"palmstone, palm stone, meditation, natural stone, gemstone, polished stone, african, jade",African Jade is a wonderful shade of green with a fantastic natural stone pattern throughout. Thought to bring or strengthen friendship (an ideal gift for a friend) and bring hope and inspiration.,product.aspx,8/15/2012,1,8/15/2012,2/28/2023,23,0,1,0,1,0,0,3088,0,0,0,1151,14,,,,7.99,4.16,0,,400,0,0,B8CD1,0,0,0,Size,n/a,,,,,,61|188|200,config,2153,1151,n/a,n/a,0,,,,?.99,?.99,0.07,B8CD1,1,PS24,1
1567,0,Product,1152,/African-Jade-Sphere-Large-45mm/,African Jade Sphere Large 45mm,,,,product.aspx,8/15/2012,1,8/15/2012,9/25/2017,2,0,1,0,0,0,0,103,0,0,0,1152,14,,,,12.99,5.83,0,,300,0,0,,0,0,0,Size,n/a,,,,,,188|200|4005,config,2154,1152,n/a,n/a,0,,,,?6.99,?.99,0.3,,1,SM01,1
1568,0,Product,1153,/after-shave-cream/,After Shave Cream,| Cream for After Shaving,"Aftershave, balm, moisturise, essential oil",Blended using essential oils reputed to help moisturise and protect sensitive skin with a fresh smelling aroma. This after shave balm could help to eliminate razor burn and re-hydrate the skin after shaving whether by razor or electric shaver.,product.aspx,8/15/2012,1,8/15/2012,7/7/2019,24,0,1,0,1,0,0,9938,0,0,0,1153,14,,,,7.99,3.33,0,,170,0,0,,0,0,0,Size,n/a,,,,,,20,config,2155,1153,60ml Jar,n/a,0,,,,?.99,?.99,0.35,VS1D/L7D,1,AVCRM6/60,1,7.3581E+11
1568,0,Product,1153,/after-shave-cream/,After Shave Cream,| Cream for After Shaving,"Aftershave, balm, moisturise, essential oil",Blended using essential oils reputed to help moisturise and protect sensitive skin with a fresh smelling aroma. This after shave balm could help to eliminate razor burn and re-hydrate the skin after shaving whether by razor or electric shaver.,product.aspx,8/15/2012,1,8/15/2012,7/7/2019,24,0,1,0,1,0,0,9938,0,0,0,1153,14,,,,7.99,3.33,0,,170,0,0,,0,0,0,Size,n/a,,,,,,20,config,6550,1153,120ml Jar,,0,,,,?4.99,?.49,0.45,L7D,1,AVCRM6/120,1,7.3581E+11
1569,0,Product,1154,/Agate-Heart-Large/,Agate Heart Large,| Heart Large Agate,"heart, gemstone, natural stone, polished stone, gift, heart, agate",Agate is associated with healing properties. It is said to be the stone of balance and to be able to absorb negative energy. Agate is formed when the cavities in lava are filled with gas bubbles.,product.aspx,8/15/2012,1,8/15/2012,3/16/2022,2,0,1,0,0,0,0,7684,0,0,0,1154,14,,,,6.99,2.99,0,,100,0,0,B8CD13,0,0,0,Size,n/a,,,,,,44|188|190,config,2156,1154,n/a,n/a,0,,,,?.99,?.99,0.2,B8CD13,1,HM02,1
1570,0,Product,1155,/Agate-Palmstone/,Agate Palmstone,| Palmstone Agate,"palmstone, palm stone, meditation, natural stone, gemstone, polished stone, agate","Agate is treasured as a good overall healing stone that can also assist in discovering the truth. It is said to ease painful conditions such as bruises, strains and sprains. Palmstones are a great way to ease stress and aid relaxation. Made from a wi",product.aspx,8/15/2012,1,8/15/2012,9/8/2022,2,0,1,0,1,0,0,6961,0,0,0,1155,14,,,,12.99,6.99,0,,400,0,0,B8CD1,0,0,0,Size,n/a,,,,Included in our 2 for 19.99 offer- Add any 2 items in this offer for only 19.99,Any 2 for 19.99,13049|61|188|190,config,2157,1155,n/a,n/a,0,,,,?2.99,?.99,0.07,B8CD1,1,PS13,1
1575,0,Product,1160,/aloe-vera-clear-gel-cosmetic-grade/,Aloe Vera Clear Gel Cosmetic Grade,| Cosmetic Aloe Vera Gel Clear,"avena, aloe, vera, sooth, calm, burn, cut, glaze, gel, cool, jar, travel",Our aloe vera clear gel is a fantastic product which can be used on all skin types and could aid a variety of skin conditions.,product.aspx,8/15/2012,1,8/15/2012,11/16/2023,2,0,1,0,1,0,0,50232,0,0,0,1160,14,,,,19.99,8.33,0,,500,0,0,,0,0,0,Size,n/a,,,,,,23|20|68,config,2162,1160,500ml Plastic Tub (Traditional Label),n/a,0,,,,?9.99,?.99,1,L4B,0,AVAG500,0,7.3581E+11
1575,0,Product,1160,/aloe-vera-clear-gel-cosmetic-grade/,Aloe Vera Clear Gel Cosmetic Grade,| Cosmetic Aloe Vera Gel Clear,"avena, aloe, vera, sooth, calm, burn, cut, glaze, gel, cool, jar, travel",Our aloe vera clear gel is a fantastic product which can be used on all skin types and could aid a variety of skin conditions.,product.aspx,8/15/2012,1,8/15/2012,11/16/2023,2,0,1,0,1,0,0,50232,0,0,0,1160,14,,,,19.99,8.33,0,,500,0,0,,0,0,0,Size,n/a,,,,,,23|20|68,config,10411,1160,200ml Plastic Tub (Traditional Label),,0,,,,?9.99,?.99,0.62,L4B,1,AVAG200,0,6.15855E+11
1575,0,Product,1160,/aloe-vera-clear-gel-cosmetic-grade/,Aloe Vera Clear Gel Cosmetic Grade,| Cosmetic Aloe Vera Gel Clear,"avena, aloe, vera, sooth, calm, burn, cut, glaze, gel, cool, jar, travel",Our aloe vera clear gel is a fantastic product which can be used on all skin types and could aid a variety of skin conditions.,product.aspx,8/15/2012,1,8/15/2012,11/16/2023,2,0,1,0,1,0,0,50232,0,0,0,1160,14,,,,19.99,8.33,0,,500,0,0,,0,0,0,Size,n/a,,,,,,23|20|68,config,5528,1160,60ml Glass Jar (New Label),n/a,0,,,,?.99,?.99,0.35,VS2D/L4B,1,AVAG60,1,7.3581E+11
1575,0,Product,1160,/aloe-vera-clear-gel-cosmetic-grade/,Aloe Vera Clear Gel Cosmetic Grade,| Cosmetic Aloe Vera Gel Clear,"avena, aloe, vera, sooth, calm, burn, cut, glaze, gel, cool, jar, travel",Our aloe vera clear gel is a fantastic product which can be used on all skin types and could aid a variety of skin conditions.,product.aspx,8/15/2012,1,8/15/2012,11/16/2023,2,0,1,0,1,0,0,50232,0,0,0,1160,14,,,,19.99,8.33,0,,500,0,0,,0,0,0,Size,n/a,,,,,,23|20|68,config,20607,1160,120ml Glass Jar (Traditional Label),,0,,,,?4.99,?.49,0.6,L4B,1,AVAG120,1
1577,0,Product,1162,/amethyst-buddha-50mm/,Amethyst Buddha 50mm,| Gemstone Buddha Amethyst,"buddha, luck, wealth, wisdom, gemstone, polished, natural, semi, precious, amethyst","A beautiful natural stone Buddha cut from amethyst which is said to aid soothing, healing and cleansing, it is still one of the most popular stones even if it's slightly more expensive than some others.",product.aspx,8/15/2012,1,8/15/2012,2/20/2019,2,0,1,0,0,0,0,1714,0,0,0,1162,14,,,,17.99,9.16,0,,500,0,0,,0,0,0,Size,n/a,,,,,,21|188|191,config,2164,1162,n/a,n/a,0,,,,?9.99,?0.99,0.3,B8C,1,BM01,1
1578,0,Product,1163,/Amethyst-Gemstone/,Amethyst Gemstone,| Gemstone Amethyst,"stone, bag, collection, tumblestone, polished, collection, amethyst","Amethyst, with its rich purple colour, is one of our most popular gemstones. It's said to be a powerful aid to creative thinking, spiritual awareness and healing and is also said to combat insomnia.",product.aspx,8/15/2012,1,8/15/2012,4/15/2023,2,0,1,0,0,0,0,8296,0,0,0,1163,14,,,,1,0.42,0,,25,0,0,A7C,0,0,0,Size,n/a,,,,This item is part of our 10 for 10 offer. Mix and match any 10 products in this offer for only 10!,Any 10 for 10,13056|49|188|191,config,2165,1163,n/a,n/a,0,,,,?.39,?.89,0.025,A7C,1,T075,1
1579,0,Product,1164,/Amethyst-Heart-Small/,Amethyst Heart Small,| Heart Small Amethyst,"heart, gemstone, natural stone, polished stone, gift, heart, amethyst","Amethyst, with its rich purple colour, is one of our most popular gemstones even though slightly more expensive than some others. It's said to be a powerful aid to creative thinking,",product.aspx,8/15/2012,1,8/15/2012,4/9/2017,6,0,1,0,1,0,0,8946,0,0,0,1164,14,,,,4.99,2.49,0,,200,0,0,B8BD1,0,0,0,Size,n/a,,,,,,44|188|191,config,2166,1164,n/a,n/a,0,,,,?.99,?.99,0.1,B8BD1,1,HSB3,1
1581,0,Product,1166,/amethyst-chevron-palmstone/2/,Amethyst Chevron Palmstone,| Palmstone Amethyst,"palmstone, palm stone, meditation, natural stone, gemstone, polished stone, amethyst","Amethyst, with its rich purple colour, is one of our most popular gemstones. It's said to be a powerful aid to creative thinking, spiritual awareness and healing and is also said to combat insomnia.",product.aspx,8/15/2012,1,8/15/2012,6/9/2021,2,0,1,0,1,0,0,5704,0,0,0,1166,14,,,,12.99,6.66,0,,150,0,0,B8CD1,0,0,0,Size,n/a,,,,,,61|188|191,config,2171,1166,n/a,n/a,0,,,,?4.99,?.99,0.07,B8CD1,1,PS02,1
1582,0,Product,1167,/amethyst-rough-cut-piece/,Amethyst Rough Cut Piece,| Rough Natural Amethyst Cut Piece,"Avena, natural, stone, crystal, amethyst, rough, cut, balance, mind, body, spirit","This is a totally natural piece of amethyst which is beautiful, glimmering and features an array of shades of purple for which the amethyst mineral is renowned.",product.aspx,8/15/2012,1,8/15/2012,2/11/2022,2,0,1,0,1,0,0,6186,0,0,0,1167,14,,,,1.99,1,0,,70,0,0,,0,0,0,Size,n/a,,,,This item is part of our 4 for 9.99 offer. Mix and match any 4 products in this offer for only 9.99!,Any 4 for 9.99,6173|188|191,config,2172,1167,n/a,n/a,0,,,,?.99,?.29,0.2,A7C,1,BL02,1
1583,0,Product,1168,/amethyst-chevron-sphere-large-45mm/2/,Amethyst Chevron Sphere Large 45mm,| Sphere 45mm Amethyst,"sphere, natural stone, gemstone, polished stone, meditation, amethyst","Amethyst is a beautiful purple colour and these polished stones are used to aid soothing, healing and cleansing. Whilst more expensive than some other stones it is a firm favourite and best seller.",product.aspx,8/15/2012,1,8/15/2012,3/3/2021,2,0,1,0,1,0,0,7934,0,0,0,1168,14,,,,29.99,14.99,0,,300,0,0,B8C,0,0,0,Size,n/a,,,,Included in our 'Any 2 for 49.99 offer',Any 2 For 49.99,20034|7246|188|191|4005,config,2173,1168,n/a,n/a,0,,,,?9.99,?7.99,0.3,B8C,1,SM35,1
1584,0,Product,1169,/Amethyst-Stones-in-Bag/,Amethyst Stones in Bag,| Stone in Gift Bag Amethyst,"stone, bag, collection, tumblestone, polished, collection, amethyst","Amethyst, with its rich purple colour, is one of our most popular gemstones. It's said to be a powerful aid to creative thinking, spiritual awareness and healing and is also said to combat insomnia.",product.aspx,8/15/2012,1,8/15/2012,8/7/2017,2,0,1,0,0,0,0,5914,0,0,0,1169,14,,,,2.99,1.24,0,,100,0,0,A7D,0,0,0,Size,n/a,,,,This item is part of our 4 for 9.99 offer. Mix and match any 4 products in this offer for only 9.99!,Any 4 for 9.99,6173|188|191|69,config,2174,1169,n/a,n/a,0,,,,?.99,?.24,0.1,A7D,1,NGGAM,1,5.0601E+12
1585,0,Product,1170,/Amethyst-Wand/,Amethyst Wand,,,,product.aspx,8/15/2012,1,8/15/2012,10/31/2015,2,0,1,0,0,0,0,2308,0,0,0,1170,14,,,,9.99,4.99,0,,100,0,0,,0,0,0,Size,n/a,,,,,,188|191|8749,config,2175,1170,n/a,n/a,0,,,,?.99,?.99,0.2,,1,MW01,1
1586,0,Product,1171,/angel-figurine-with-rose/2/,Angel Figurine with Rose,,,,product.aspx,8/15/2012,1,8/15/2012,2/7/2015,6,0,1,0,0,0,0,822,0,0,0,1171,14,,,,39.99,24.99,0,,1000,0,0,,0,0,0,Size,n/a,,,,Free UK delivery for this item and all orders over 25.00 - we also deliver products worldwide.,,8133|86,config,2176,1171,n/a,n/a,0,,,,?9.99,?3.99,1,,1,AVN4007,1
1587,0,Product,1172,/aniseed-essential-oil-pimpinella-anisum/,Aniseed Essential Oil (Pimpinella Anisum),| Pure Essential Oil Aniseed,"avena, essential, oil, pure, natural, blend, aromatherapy, beauty, aniseed","Aniseed essential oil was a highly prized commodity in ancient Egypt, Greece and Rome. The Greeks used the seeds for the treatment of coughs, colds and even bad dreams.",product.aspx,8/15/2012,1,8/15/2012,10/28/2020,2,0,1,0,1,0,0,11967,0,0,0,1172,14,,,,3.99,1.99,0,,220,0,0,,0,0,0,Size,n/a,,,,,,37,config,2178,1172,10ml,n/a,0,,,,?.99,?.99,0.07,,1,ESANI/10,1,7.3581E+11
1587,0,Product,1172,/aniseed-essential-oil-pimpinella-anisum/,Aniseed Essential Oil (Pimpinella Anisum),| Pure Essential Oil Aniseed,"avena, essential, oil, pure, natural, blend, aromatherapy, beauty, aniseed","Aniseed essential oil was a highly prized commodity in ancient Egypt, Greece and Rome. The Greeks used the seeds for the treatment of coughs, colds and even bad dreams.",product.aspx,8/15/2012,1,8/15/2012,10/28/2020,2,0,1,0,1,0,0,11967,0,0,0,1172,14,,,,3.99,1.99,0,,220,0,0,,0,0,0,Size,n/a,,,,,,37,config,2179,1172,30ml,n/a,0,,,,?.99,?.99,0.1,,1,ESANI/30,1,7.3581E+11
1587,0,Product,1172,/aniseed-essential-oil-pimpinella-anisum/,Aniseed Essential Oil (Pimpinella Anisum),| Pure Essential Oil Aniseed,"avena, essential, oil, pure, natural, blend, aromatherapy, beauty, aniseed","Aniseed essential oil was a highly prized commodity in ancient Egypt, Greece and Rome. The Greeks used the seeds for the treatment of coughs, colds and even bad dreams.",product.aspx,8/15/2012,1,8/15/2012,10/28/2020,2,0,1,0,1,0,0,11967,0,0,0,1172,14,,,,3.99,1.99,0,,220,0,0,,0,0,0,Size,n/a,,,,,,37,config,2177,1172,100ml Special Offer,n/a,0,,,,?9.99,?2.99,0.38,,1,ESANI/100,1,7.3581E+11
1589,0,Product,1174,/apricot-kernel-oil-prunus-armeniaca/2/,Apricot Kernel Oil (Prunus armeniaca),| (Prunus armeniaca) Apricot Kernel Oil,"avena, carrier, oil, base, penetrate, skin, beauty, moisturise, delicate, ageing, sensitive, blossom","Apricot kernel oil originates from northern China, the Himalaya region and northern India. It is rich in the essential fatty acids, oleic and linoleic acid, and is known for its ability to penetrate the skin without leaving an oily feel.",product.aspx,8/15/2012,1,8/15/2012,7/8/2019,24,0,1,0,1,0,0,15427,0,0,0,1174,14,,,,2.99,1.24,0,,220,0,0,,0,0,0,Size,n/a,,,,,,23|20,config,2182,1174,100ml Bottle,n/a,0,,,,?.99,?.99,0.3,VS2A,1,AK100,1,7.3581E+11
1589,0,Product,1174,/apricot-kernel-oil-prunus-armeniaca/2/,Apricot Kernel Oil (Prunus armeniaca),| (Prunus armeniaca) Apricot Kernel Oil,"avena, carrier, oil, base, penetrate, skin, beauty, moisturise, delicate, ageing, sensitive, blossom","Apricot kernel oil originates from northern China, the Himalaya region and northern India. It is rich in the essential fatty acids, oleic and linoleic acid, and is known for its ability to penetrate the skin without leaving an oily feel.",product.aspx,8/15/2012,1,8/15/2012,7/8/2019,24,0,1,0,1,0,0,15427,0,0,0,1174,14,,,,2.99,1.24,0,,220,0,0,,0,0,0,Size,n/a,,,,,,23|20,config,2184,1174,250ml Bottle,n/a,0,,,,?.99,?.99,0.55,VS1A,1,AK250,1,7.3581E+11
1589,0,Product,1174,/apricot-kernel-oil-prunus-armeniaca/2/,Apricot Kernel Oil (Prunus armeniaca),| (Prunus armeniaca) Apricot Kernel Oil,"avena, carrier, oil, base, penetrate, skin, beauty, moisturise, delicate, ageing, sensitive, blossom","Apricot kernel oil originates from northern China, the Himalaya region and northern India. It is rich in the essential fatty acids, oleic and linoleic acid, and is known for its ability to penetrate the skin without leaving an oily feel.",product.aspx,8/15/2012,1,8/15/2012,7/8/2019,24,0,1,0,1,0,0,15427,0,0,0,1174,14,,,,2.99,1.24,0,,220,0,0,,0,0,0,Size,n/a,,,,,,23|20,config,2185,1174,500ml Bottle,n/a,0,,,,?.99,?.99,0.75,L4D,1,AK500,1,7.3581E+11
1589,0,Product,1174,/apricot-kernel-oil-prunus-armeniaca/2/,Apricot Kernel Oil (Prunus armeniaca),| (Prunus armeniaca) Apricot Kernel Oil,"avena, carrier, oil, base, penetrate, skin, beauty, moisturise, delicate, ageing, sensitive, blossom","Apricot kernel oil originates from northern China, the Himalaya region and northern India. It is rich in the essential fatty acids, oleic and linoleic acid, and is known for its ability to penetrate the skin without leaving an oily feel.",product.aspx,8/15/2012,1,8/15/2012,7/8/2019,24,0,1,0,1,0,0,15427,0,0,0,1174,14,,,,2.99,1.24,0,,220,0,0,,0,0,0,Size,n/a,,,,,,23|20,config,2183,1174,1ltr Bottle,n/a,0,,,,?8.99,?.99,1.6,L4D,1,AK1LTR,1,7.3581E+11
1589,0,Product,1174,/apricot-kernel-oil-prunus-armeniaca/2/,Apricot Kernel Oil (Prunus armeniaca),| (Prunus armeniaca) Apricot Kernel Oil,"avena, carrier, oil, base, penetrate, skin, beauty, moisturise, delicate, ageing, sensitive, blossom","Apricot kernel oil originates from northern China, the Himalaya region and northern India. It is rich in the essential fatty acids, oleic and linoleic acid, and is known for its ability to penetrate the skin without leaving an oily feel.",product.aspx,8/15/2012,1,8/15/2012,7/8/2019,24,0,1,0,1,0,0,15427,0,0,0,1174,14,,,,2.99,1.24,0,,220,0,0,,0,0,0,Size,n/a,,,,,,23|20,config,2186,1174,5kg Jerry Can,n/a,0,,,,?9.99,?9.99,6,T.O.,1,AK5KG,1,7.3581E+11
1590,0,Product,1175,/arctic-foot-spa-foot-soak-100ml-for-refreshing-feet-foot-odour/2/,Arctic Foot Spa Foot Soak - for refreshing feet & foot odour,| Refreshing Feet & Foot Odour - Foot Soak Arctic Feet Spa,"avena. arctic, foot, feet, spa, oil, soak, fresh, blend, essential, natural","This wonderful oil is blended for people who suffer from foot odour, tired, sweaty or aching feet. It is made entirely from natural oils reputed to ease sweating and refresh tired 'smelly' feet helping to keep them odour free for longer.",product.aspx,8/15/2012,1,8/15/2012,7/5/2019,24,0,1,0,1,0,0,10813,0,0,0,1175,14,,,,7.99,3.33,0,,220,0,0,,0,0,0,Size,n/a,,,,,,7254|45|68,config,2187,1175,100ml Bottle,n/a,0,,,,?.99,?.99,0.38,VS3B,1,AVOIL6/100,1,7.3581E+11
1590,0,Product,1175,/arctic-foot-spa-foot-soak-100ml-for-refreshing-feet-foot-odour/2/,Arctic Foot Spa Foot Soak - for refreshing feet & foot odour,| Refreshing Feet & Foot Odour - Foot Soak Arctic Feet Spa,"avena. arctic, foot, feet, spa, oil, soak, fresh, blend, essential, natural","This wonderful oil is blended for people who suffer from foot odour, tired, sweaty or aching feet. It is made entirely from natural oils reputed to ease sweating and refresh tired 'smelly' feet helping to keep them odour free for longer.",product.aspx,8/15/2012,1,8/15/2012,7/5/2019,24,0,1,0,1,0,0,10813,0,0,0,1175,14,,,,7.99,3.33,0,,220,0,0,,0,0,0,Size,n/a,,,,,,7254|45|68,config,2188,1175,250ml Bottle,n/a,0,,,,?7.99,?.99,0.55,L7C,1,AVOIL6/250,1,7.3581E+11
1590,0,Product,1175,/arctic-foot-spa-foot-soak-100ml-for-refreshing-feet-foot-odour/2/,Arctic Foot Spa Foot Soak - for refreshing feet & foot odour,| Refreshing Feet & Foot Odour - Foot Soak Arctic Feet Spa,"avena. arctic, foot, feet, spa, oil, soak, fresh, blend, essential, natural","This wonderful oil is blended for people who suffer from foot odour, tired, sweaty or aching feet. It is made entirely from natural oils reputed to ease sweating and refresh tired 'smelly' feet helping to keep them odour free for longer.",product.aspx,8/15/2012,1,8/15/2012,7/5/2019,24,0,1,0,1,0,0,10813,0,0,0,1175,14,,,,7.99,3.33,0,,220,0,0,,0,0,0,Size,n/a,,,,,,7254|45|68,config,2189,1175,500ml Bottle,n/a,0,,,,?9.99,?4.99,0.75,K,1,AVOIL6/500,1,7.3581E+11
1591,0,Product,1176,/argan-oil-cold-pressed-argania-spinosa-50ml-bottle-pipette/,Argan Oil Cold Pressed (Argania spinosa) 50ml Bottle & Pipette,| 50ml Beauty Oil Cold Pressed Argan Oil,"avena, natural, beauty, oil, argan, skin, care, pipette, bottle, cold, pressed","Our cold pressed virgin argan oil is known by the Moroccan Berber community as the 'Tree of Life', the argan tree has supported the people of these arid regions and their livestock for centuries.",product.aspx,8/15/2012,1,8/15/2012,6/8/2020,2,0,1,0,1,0,0,8705,0,0,0,1176,14,,,,7.99,4.16,0,,140,0,0,,0,0,0,Size,n/a,,,,Included in our 3 for 19.99 offer- Add any 3 items in this offer for only 19.99 (That? only 6.67 each),Any 3 for 19.99,7255|20,config,2190,1176,n/a,n/a,0,,,,?.99,?.99,0.3,VS2D,1,AG50,1,7.3581E+11
1592,0,Product,1177,/arnica-oil-heterotheca-inuloides/,Arnica Oil (Heterotheca inuloides),| (Heterotheca inuloides) Arnica Oil,"avena, carrier, oil, base, beauty, arnica, skin, care, sprains, strains, joints, muscle, bruise","Arnica (Heterotheca inuloides) is a homeopathic anti-inflammatory that may be used for traumatic injuries such as sprains and strains in the joints, muscles, ligaments and tendons and for backache.",product.aspx,8/15/2012,1,8/15/2012,7/15/2019,24,0,1,0,1,0,0,13059,0,0,0,1177,14,,,,6.99,4.16,0,,220,0,0,,0,0,0,Size,n/a,,,,,,23|45|20|67,config,2191,1177,100ml Bottle,n/a,0,,,,?.99,?.16,0.3,VS2A,1,AC100,1,7.3581E+11
1592,0,Product,1177,/arnica-oil-heterotheca-inuloides/,Arnica Oil (Heterotheca inuloides),| (Heterotheca inuloides) Arnica Oil,"avena, carrier, oil, base, beauty, arnica, skin, care, sprains, strains, joints, muscle, bruise","Arnica (Heterotheca inuloides) is a homeopathic anti-inflammatory that may be used for traumatic injuries such as sprains and strains in the joints, muscles, ligaments and tendons and for backache.",product.aspx,8/15/2012,1,8/15/2012,7/15/2019,24,0,1,0,1,0,0,13059,0,0,0,1177,14,,,,6.99,4.16,0,,220,0,0,,0,0,0,Size,n/a,,,,,,23|45|20|67,config,2193,1177,250ml Bottle,n/a,0,,,,?2.99,?.49,0.55,VS1A,1,AC250,1,7.3581E+11
1592,0,Product,1177,/arnica-oil-heterotheca-inuloides/,Arnica Oil (Heterotheca inuloides),| (Heterotheca inuloides) Arnica Oil,"avena, carrier, oil, base, beauty, arnica, skin, care, sprains, strains, joints, muscle, bruise","Arnica (Heterotheca inuloides) is a homeopathic anti-inflammatory that may be used for traumatic injuries such as sprains and strains in the joints, muscles, ligaments and tendons and for backache.",product.aspx,8/15/2012,1,8/15/2012,7/15/2019,24,0,1,0,1,0,0,13059,0,0,0,1177,14,,,,6.99,4.16,0,,220,0,0,,0,0,0,Size,n/a,,,,,,23|45|20|67,config,2194,1177,500ml Bottle,n/a,0,,,,?1.99,?3.99,0.75,L6C,1,AC500,1,7.3581E+11
1592,0,Product,1177,/arnica-oil-heterotheca-inuloides/,Arnica Oil (Heterotheca inuloides),| (Heterotheca inuloides) Arnica Oil,"avena, carrier, oil, base, beauty, arnica, skin, care, sprains, strains, joints, muscle, bruise","Arnica (Heterotheca inuloides) is a homeopathic anti-inflammatory that may be used for traumatic injuries such as sprains and strains in the joints, muscles, ligaments and tendons and for backache.",product.aspx,8/15/2012,1,8/15/2012,7/15/2019,24,0,1,0,1,0,0,13059,0,0,0,1177,14,,,,6.99,4.16,0,,220,0,0,,0,0,0,Size,n/a,,,,,,23|45|20|67,config,2192,1177,1ltr Bottle,n/a,0,,,,?9.99,?5.99,1.6,K,1,AC1LTR,1,7.3581E+11
1592,0,Product,1177,/arnica-oil-heterotheca-inuloides/,Arnica Oil (Heterotheca inuloides),| (Heterotheca inuloides) Arnica Oil,"avena, carrier, oil, base, beauty, arnica, skin, care, sprains, strains, joints, muscle, bruise","Arnica (Heterotheca inuloides) is a homeopathic anti-inflammatory that may be used for traumatic injuries such as sprains and strains in the joints, muscles, ligaments and tendons and for backache.",product.aspx,8/15/2012,1,8/15/2012,7/15/2019,24,0,1,0,1,0,0,13059,0,0,0,1177,14,,,,6.99,4.16,0,,220,0,0,,0,0,0,Size,n/a,,,,,,23|45|20|67,config,2195,1177,5kg Jerry Can,n/a,0,,,,?29.99,?9.99,6,K,1,AC5LTR,1,7.3581E+11
1593,0,Product,1178,/arnica-oil-heterotheca-inuloides-100ml/,Arnica Oil (Heterotheca inuloides) 100ml,| 100ml Heterotheca Inuloides Arnica Oil,"avena, carrier, base, beauty, arnica, bruise, muscle, rub, massage, blend","Arnica is a very popular and well known natural treatment for bruises but may also be used on sprains, strains and sore muscles.",product.aspx,8/15/2012,1,8/15/2012,7/15/2019,24,0,1,0,1,0,0,9123,0,0,0,1178,14,,,,7.99,4.16,0,,220,0,0,,0,0,0,Size,n/a,,,,Included in our 3 for 19.99 offer- Add any 3 items in this offer for only 19.99 (That? only 6.67 each),Any 3 for 19.99,7255,config,2196,1178,n/a,n/a,0,,,,?.99,?.16,0.3,VS2A,1,AC100,1,7.3581E+11
1595,0,Product,1180,/Arnica-Ointment/,Arnica Ointment,| Beauty Rub-on Balm Arnica Ointment,"avena, ointment, remedy, balm, natural, blend, bruise, strain, injury, muscle, ache, joint, muscle","Ready to apply arnica (Arnica montana) ointment is a homeopathic anti-inflammatory that may be used for traumatic injuries such as sprains and strains to joints, muscles, ligaments, tendons and for backache etc.",product.aspx,8/15/2012,1,8/15/2012,8/2/2023,2,0,1,5,1,0,0,18695,0,0,0,1180,14,,,,7.99,3.99,0,,260,0,0,,0,0,0,Size,n/a,,,,,,45|20|67,config,2205,1180,60ml Jar,n/a,0,,,,?.99,?.99,0.35,VS4F/L4B,1,AVOINT6/60,1,7.3581E+11
1595,0,Product,1180,/Arnica-Ointment/,Arnica Ointment,| Beauty Rub-on Balm Arnica Ointment,"avena, ointment, remedy, balm, natural, blend, bruise, strain, injury, muscle, ache, joint, muscle","Ready to apply arnica (Arnica montana) ointment is a homeopathic anti-inflammatory that may be used for traumatic injuries such as sprains and strains to joints, muscles, ligaments, tendons and for backache etc.",product.aspx,8/15/2012,1,8/15/2012,8/2/2023,2,0,1,5,1,0,0,18695,0,0,0,1180,14,,,,7.99,3.99,0,,260,0,0,,0,0,0,Size,n/a,,,,,,45|20|67,config,2204,1180,120ml Jar,n/a,0,,,,?4.99,?.49,0.45,VS4F/L4B,1,AVOINT6/120,1,7.3581E+11
1595,0,Product,1180,/Arnica-Ointment/,Arnica Ointment,| Beauty Rub-on Balm Arnica Ointment,"avena, ointment, remedy, balm, natural, blend, bruise, strain, injury, muscle, ache, joint, muscle","Ready to apply arnica (Arnica montana) ointment is a homeopathic anti-inflammatory that may be used for traumatic injuries such as sprains and strains to joints, muscles, ligaments, tendons and for backache etc.",product.aspx,8/15/2012,1,8/15/2012,8/2/2023,2,0,1,5,1,0,0,18695,0,0,0,1180,14,,,,7.99,3.99,0,,260,0,0,,0,0,0,Size,n/a,,,,,,45|20|67,config,7486,1180,200ml Plastic Jar,,0,,,,?9.99,?.99,0.62,L4B,1,AVOINT6/200,1,7.3581E+11
1597,0,Product,1182,/arnica-ointment-from-abluo-60ml/2/,Arnica Ointment from Abluo 60ml,| Rub-on Balm Arnica Ointment 60ml,"abluo, arnica, ointment, bruise, muscle, sport, massage, rub, balm, blend, natural","Abluo's ready to apply arnica ointment is reputed to be a homeopathic anti-inflammatory that may be used for traumatic injuries such as sprains and strains to joints, muscles, ligaments, tendons and for backache etc.",product.aspx,8/15/2012,1,8/15/2012,9/29/2020,2,0,1,0,1,0,0,8995,0,0,0,1182,14,,,,9.99,4.16,0,,170,0,0,,0,0,0,Size,n/a,,,,,,15,config,2208,1182,n/a,n/a,0,,,,?.99,?.99,0.35,VS5G/L4B,1,AVOINT6/60,1,7.3581E+11
1599,0,Product,1184,/aromatherapy-satya-incense-sticks-15g-box-of-twelve-special-offer/,Aromatherapy Satya Incense Sticks 15g Box Of Twelve Special Offer,| Nag Champa Incense Sticks 15g Box Aromatherapy,"nag, champa, agarbathi, incense, stick, golden, burning, aromatherapy","Aromatherapy incense sticks are made by Satya, world renowned for fine fragrance and the makers of Nag Champa Incense .",product.aspx,8/15/2012,1,8/15/2012,10/22/2020,23,0,1,0,0,0,0,3944,0,0,0,1184,14,,,,12.99,8.99,0,,500,0,0,A8B,0,0,0,Size,n/a,,,,This item is part of our 2 for 19.99 offer. Mix and match any 2 products in this offer for only 19.99!,Any 2 for 19.99,13049|51|57,config,2212,1184,n/a,n/a,0,,,,?2.99,?.99,0.5,A8B,1,IS_AROMA,1,8.9018E+12
1600,0,Product,1185,/aromatherapy-oil-box-for-6-bottles/2/,Aromatherapy Oil Box for 6 Bottles,| Essential Oil Box for 6 Aromatherapy Bottles,"essential oil, fragrance oil, bottle, storage, protection","This great quality essential oil box with brass trim design is designed to hold and store six 5ml,10ml or 30ml essential or fragrance oil bottles that are no larger than 80mm long and 32mm in diameter.",product.aspx,8/15/2012,1,8/15/2012,12/27/2015,6,0,1,0,0,0,0,2555,0,0,0,1185,14,,Box-19,,10.99,4.99,0,,600,0,0,A4B,0,0,0,Size,n/a,,,,,,config,2214,1185,n/a,n/a,0,,,,?.99,?.99,0.9,A4B,1,box-19,1
1601,0,Product,1186,/aromatherapy-oil-box-for-9-bottles/2/,Aromatherapy Oil Box for 9 Bottles,,,,product.aspx,8/15/2012,1,8/15/2012,6/18/2014,6,0,1,0,0,0,0,901,0,0,0,1186,14,,Box-20,,11.99,4.99,0,,500,0,0,,0,0,0,Size,n/a,,,,,,config,2215,1186,n/a,n/a,0,,,,?1.99,?.99,0.5,,1,box-20,1
1602,0,Product,1187,/essential-oil-box-for-12-bottles/2/,Essential Oil Box for 12 Bottles,,,,product.aspx,8/15/2012,1,8/15/2012,3/14/2014,2,0,1,0,0,0,0,569,0,0,0,1187,14,,Box-02,,9.99,0,0,,600,0,0,,0,0,0,Size,n/a,,,,,,config,2216,1187,n/a,n/a,0,,,,?.99,?.19,0.6,,1,box-02,1
1603,0,Product,1188,/essential-oil-box-for-14-bottles/,Essential Oil Box For 14 Bottles,| Aromatherapy Oil Box for 14 Bottle,"aromatherapy, essential oils, holder, box, storage, wooden",This great quality essential oil box with brass trim design is designed to hold and store twelve 5ml or 10ml essential or fragrance oil bottles that are no larger than 65mm tall and 23mm in diameter and two 30ml or 50ml bottles no larger than,product.aspx,8/15/2012,1,8/15/2012,1/30/2018,5,0,1,0,0,0,0,2178,0,0,0,1188,14,,Box-05,,11.49,0,0,,900,0,0,A4C,0,0,0,Size,n/a,,,,,,config,2217,1188,n/a,n/a,0,,,,?5.99,?.99,0.9,A4C,1,Box-05,1
1607,0,Product,1192,/Aromatic-Skin-Tonic-250ml/,Aromatic Skin Tonic 250ml,,,,product.aspx,8/15/2012,1,8/15/2012,1/21/2016,2,0,1,0,0,0,0,2083,0,0,0,1192,14,,,,7.99,3.33,0,,290,0,0,,0,0,0,Size,n/a,,,,,,65,config,2221,1192,n/a,n/a,0,,,,?.99,?.33,0.29,,1,AST250T,1
1608,0,Product,1193,/aromatic-skin-tonic-250ml-cleanser-acne-treatment/2/,Aromatic Skin Tonic 250ml - cleanser & acne treatment,,,,product.aspx,8/15/2012,1,8/15/2012,1/21/2016,2,0,1,0,0,0,0,2127,0,0,0,1193,14,,,,7.99,3.33,0,,290,0,0,,0,0,0,Size,n/a,,,,,,20,config,2222,1193,n/a,n/a,0,,,,?.99,?.33,0.29,,1,AST250T,1
1610,0,Product,1195,/Arthritis-Rheumatism-Bath-Oil/,Arthritis & Rheumatism Bath Oil,| Bath oil A & R,"bath, oil, natural, essential, carrier, blend, rheumatism, arthritis, pain, relief, inflammation, joints",This 100% natural herbal bath oil has been successfully selling for over 10 years now as it is extremely beneficial for individuals suffering from any pain caused by arthritic conditions and/or rheumatism.,product.aspx,8/15/2012,1,8/15/2012,7/5/2019,24,0,1,0,1,0,0,22726,0,0,0,1195,14,,,,7.99,3.33,0,,220,0,0,,0,0,0,Size,n/a,,,,,,45|16,config,2224,1195,100ml Bottle,n/a,0,,,,?.99,?.99,0.38,VS3C,1,AVOIL7/100,1,7.3581E+11
1610,0,Product,1195,/Arthritis-Rheumatism-Bath-Oil/,Arthritis & Rheumatism Bath Oil,| Bath oil A & R,"bath, oil, natural, essential, carrier, blend, rheumatism, arthritis, pain, relief, inflammation, joints",This 100% natural herbal bath oil has been successfully selling for over 10 years now as it is extremely beneficial for individuals suffering from any pain caused by arthritic conditions and/or rheumatism.,product.aspx,8/15/2012,1,8/15/2012,7/5/2019,24,0,1,0,1,0,0,22726,0,0,0,1195,14,,,,7.99,3.33,0,,220,0,0,,0,0,0,Size,n/a,,,,,,45|16,config,2225,1195,250ml Bottle,n/a,0,,,,?7.99,?.99,0.55,L12C,1,AVOIL7/250,1,7.3581E+11
1610,0,Product,1195,/Arthritis-Rheumatism-Bath-Oil/,Arthritis & Rheumatism Bath Oil,| Bath oil A & R,"bath, oil, natural, essential, carrier, blend, rheumatism, arthritis, pain, relief, inflammation, joints",This 100% natural herbal bath oil has been successfully selling for over 10 years now as it is extremely beneficial for individuals suffering from any pain caused by arthritic conditions and/or rheumatism.,product.aspx,8/15/2012,1,8/15/2012,7/5/2019,24,0,1,0,1,0,0,22726,0,0,0,1195,14,,,,7.99,3.33,0,,220,0,0,,0,0,0,Size,n/a,,,,,,45|16,config,2226,1195,500ml Bottle,n/a,0,,,,?9.99,?4.99,0.75,K,1,AVOIL7/500,1,7.3581E+11
1611,0,Product,1196,/arthritis-rheumatism-complete-set/2/,Arthritis & Rheumatism Complete Set,| Gift Set Of Arthritis & Rheumatism Products,"arthritis, natural, remedy, avena, arthritis, muscle, bone, joint, massage, bath, ointment, balm, natural",Rheumatoid arthritis is an autoimmune disease in which the joint lining becomes inflamed as part of the body's immune system activity. Rheumatoid arthritis is one of the most serious and disabling types of arthritis.,product.aspx,8/15/2012,1,8/15/2012,9/29/2020,2,0,1,0,1,0,0,12773,0,0,0,1196,14,,,,39.99,20.83,0,,840,0,0,,0,0,0,Size,n/a,,,,Free UK delivery for this item and all orders over 25.00 - we also deliver products worldwide.,Free UK Delivery,47|16,config,2227,1196,n/a,n/a,0,,,,?9.99,?0.83,1.1,A3A,1,ARGS3,1,6.15855E+11
1612,0,Product,1197,/Arthritis-Rheumatism-Massage-Oil/,Arthritis & Rheumatism Massage Oil,| Massage Oil For Arthritis & Rheumatism,"massage, oil, natural, essential, carrier, blend, rheumatism, arthritis, pain, relief, inflammation, joints",Rheumatoid arthritis is an autoimmune disease in which the joint lining becomes inflamed as part of the body's immune system activity.,product.aspx,8/15/2012,1,8/15/2012,7/5/2019,24,0,1,0,1,0,0,17650,0,0,0,1197,14,,,,7.99,3.33,0,,220,0,0,,0,0,0,Size,n/a,,,,,,45|16,config,2228,1197,100ml Bottle,n/a,0,,,,?.99,?.99,0.38,VS3C,1,AVOIL7/100,1,7.3581E+11
1612,0,Product,1197,/Arthritis-Rheumatism-Massage-Oil/,Arthritis & Rheumatism Massage Oil,| Massage Oil For Arthritis & Rheumatism,"massage, oil, natural, essential, carrier, blend, rheumatism, arthritis, pain, relief, inflammation, joints",Rheumatoid arthritis is an autoimmune disease in which the joint lining becomes inflamed as part of the body's immune system activity.,product.aspx,8/15/2012,1,8/15/2012,7/5/2019,24,0,1,0,1,0,0,17650,0,0,0,1197,14,,,,7.99,3.33,0,,220,0,0,,0,0,0,Size,n/a,,,,,,45|16,config,2229,1197,250ml Bottle,n/a,0,,,,?7.99,?.99,0.55,L12C,1,AVOIL7/250,1,7.3581E+11
1612,0,Product,1197,/Arthritis-Rheumatism-Massage-Oil/,Arthritis & Rheumatism Massage Oil,| Massage Oil For Arthritis & Rheumatism,"massage, oil, natural, essential, carrier, blend, rheumatism, arthritis, pain, relief, inflammation, joints",Rheumatoid arthritis is an autoimmune disease in which the joint lining becomes inflamed as part of the body's immune system activity.,product.aspx,8/15/2012,1,8/15/2012,7/5/2019,24,0,1,0,1,0,0,17650,0,0,0,1197,14,,,,7.99,3.33,0,,220,0,0,,0,0,0,Size,n/a,,,,,,45|16,config,2230,1197,500ml Bottle,n/a,0,,,,?9.99,?4.99,0.75,K,1,AVOIL7/500,1,7.3581E+11
1613,0,Product,1198,/Arthritis-Rheumatism-Ointment/,Arthritis & Rheumatism Ointment,| Ointment Arthritis & Rheumatism,"avena, ointment, remedy, natural, oil, essential, balm, arthritis, rheumatism, ache, pain, joint, bone","Our natural arthritis treatment, is designed to assist with each of these treatment methods and is especially effective when used with the bath oil (above). This healing arthritis ointment is made with oils reputed to help relieve arthritis pain.",product.aspx,8/15/2012,1,8/15/2012,9/29/2020,2,0,1,0,1,0,0,17400,0,0,0,1198,14,,,,14.99,6.49,0,,260,0,0,,0,0,0,Size,n/a,,,,,,45|16,config,2232,1198,60ml Glass Jar,n/a,0,,,,?.99,?.99,0.35,VS3C/L3B,1,AVOINT5/60,1,7.3581E+11
1613,0,Product,1198,/Arthritis-Rheumatism-Ointment/,Arthritis & Rheumatism Ointment,| Ointment Arthritis & Rheumatism,"avena, ointment, remedy, natural, oil, essential, balm, arthritis, rheumatism, ache, pain, joint, bone","Our natural arthritis treatment, is designed to assist with each of these treatment methods and is especially effective when used with the bath oil (above). This healing arthritis ointment is made with oils reputed to help relieve arthritis pain.",product.aspx,8/15/2012,1,8/15/2012,9/29/2020,2,0,1,0,1,0,0,17400,0,0,0,1198,14,,,,14.99,6.49,0,,260,0,0,,0,0,0,Size,n/a,,,,,,45|16,config,2231,1198,120ml Glass Jar,n/a,0,,,,?4.99,?.49,0.45,VS3C/L3B,1,AVOINT5/120,1,7.3581E+11
1613,0,Product,1198,/Arthritis-Rheumatism-Ointment/,Arthritis & Rheumatism Ointment,| Ointment Arthritis & Rheumatism,"avena, ointment, remedy, natural, oil, essential, balm, arthritis, rheumatism, ache, pain, joint, bone","Our natural arthritis treatment, is designed to assist with each of these treatment methods and is especially effective when used with the bath oil (above). This healing arthritis ointment is made with oils reputed to help relieve arthritis pain.",product.aspx,8/15/2012,1,8/15/2012,9/29/2020,2,0,1,0,1,0,0,17400,0,0,0,1198,14,,,,14.99,6.49,0,,260,0,0,,0,0,0,Size,n/a,,,,,,45|16,config,6752,1198,200ml Plastic Jar,,0,,,,?9.99,?.99,0.62,L3B,1,AVOINT5/200,1,7.3581E+11
1614,0,Product,1199,/Astrophyllite-Palmstone/,Astrophyllite Palmstone,,,,product.aspx,8/15/2012,1,8/15/2012,2/27/2015,6,0,1,0,0,0,0,106,0,0,0,1199,14,,,,12.99,5.83,0,,400,0,0,,0,0,0,Size,n/a,,,,,,61|188,config,2233,1199,n/a,n/a,0,,,,?2.99,?.99,0.07,,1,PS05,1
1615,0,Product,1200,/Aura-Stones/,Aura Stones,,,,product.aspx,8/15/2012,1,8/15/2012,12/5/2013,2,0,1,0,0,0,0,380,0,0,0,1200,14,,,,6.99,3.33,0,,200,0,0,,0,0,0,Size,n/a,,,,,,69,config,2234,1200,n/a,n/a,0,large_aura_stones.jpg,,,?.99,?.33,0.2,,1,WB16,1
1616,0,Product,1201,/Autumn-Fairy/,Autumn Fairy,,,,product.aspx,8/15/2012,1,8/15/2012,12/4/2012,2,0,1,0,0,0,0,45,0,0,0,1201,14,,,,14.99,7.49,0,,500,0,0,,0,0,0,Size,n/a,,,,,,86|56,config,2235,1201,n/a,n/a,0,large_autumn.jpg,,,?4.99,?.49,0.5,,1,NEM3178,1
1617,0,Product,1202,/dog-soap-bar-with-natural-neem-oil-200g/2/,Dog Soap Bar With Natural Neem Oil 200g,| Neem Dog Soap Bar,"Soap, Natural, animals, dogs, essential oils, cleansing, long lasting, UK, Neem, Lemongrass",,product.aspx,8/15/2012,1,8/15/2012,1/24/2024,25,0,1,0,1,1,0,10765,0,0,0,1202,14,,,,5.99,3.99,0,,250,0,0,B4B,0,0,0,Size,n/a,,,,Included in our ?ny 2 for 9.99' offer.,Any 2 for 9.99,28664|13048|17|66|68,config,2236,1202,n/a,n/a,0,,,,?.99,?.49,0.3,B4B,1,AVDOGNL,1,5.05668E+12
1618,0,Product,1203,/Aventurine-Gemstone/,Aventurine Gemstone,| Gemstone Aventurine,"stone, bag, collection, tumblestone, polished, collection, aventurine",Aventurine is said to help reinforce decisiveness and amplify leadership qualities. It is also said to be good for calming anxieties and fears.,product.aspx,8/15/2012,1,8/15/2012,7/26/2023,2,0,1,0,1,0,0,7014,0,0,0,1203,14,,,,1,0.42,0,,25,0,0,A7C,0,0,0,Size,n/a,,,,This item is part of our 10 for 10 offer. Mix and match any 10 products in this offer for only 10!,Any 10 for 10,13056|49|188|192,config,2237,1203,n/a,n/a,0,,,,?.39,?.99,0.025,A7C,1,T103,1
1619,0,Product,1204,/Aventurine-Green-Heart-Large/,Aventurine Green Heart Large,| Heart Large Green Aventurine,"heart, gemstone, natural stone, polished stone, gift, heart, green aventurine",Aventurine is said to help to reinforce decisiveness and amplify leadership qualities. It is also said to be good for calming anxieties and fears. Gemstone hearts are cut and highly polished natural semi-precious stones and come in a wide range of sh,product.aspx,8/15/2012,1,8/15/2012,2/21/2023,2,0,1,0,1,0,0,8603,0,0,0,1204,14,,,,7.99,4.99,0,,100,0,0,B8CD13,0,0,0,Size,n/a,,,,Included in our 3 for 19.99 offer- Add any 3 items in this offer for only 19.99 (That? only 6.67 each),Any 3 For 19.99,7255|44|188|192,config,2238,1204,n/a,n/a,0,,,,?.99,?.99,0.2,B8CD13,1,HM08,1
1620,0,Product,1205,/green-aventurine-palmstone/,Green Aventurine Palmstone,| Palm Stone Green Aventurine,"palmstone, palm stone, meditation, natural stone, gemstone, polished stone, green, aventurine",Aventurine is said to help reinforce decisiveness and amplify leadership qualities. It is also said to be good for calming anxieties and fears.,product.aspx,8/15/2012,1,8/15/2012,10/22/2022,2,0,1,0,0,0,0,3852,0,0,0,1205,14,,,,6.99,3.74,0,,150,0,0,B8CD1,0,0,0,Size,n/a,,,,Included in our 3 for 19.99 offer- Add any 3 items in this offer for only 19.99 (That? only 6.67 each),Any 3 for 19.99,7255|61|188|192,config,2239,1205,n/a,n/a,0,,,,?.99,?.99,0.07,B8CD1,1,PS06,1
1621,0,Product,1206,/avocado-oil-persea-gratissima/2/,Avocado Oil (Persea gratissima),| (Persea gratissima) Avocado Oil,"avena, carrier, oil, base, beauty, avocado, aphrodisiac, skin, smooth, vitamin, youthful, creams, lotions",Our refined avocado oil is extracted from the flesh of the avocado fruit which consists of up to 30% pure oil. Avocado still carries its nickname 'alligator pear' as the avocado tree was first found growing in the South American swamp lands.,product.aspx,8/15/2012,1,8/15/2012,7/15/2019,24,0,1,0,1,0,0,20784,0,0,0,1206,14,,,,3.99,1.66,0,,220,0,0,,0,0,0,Size,n/a,,,,,,23|45|20,config,2240,1206,100ml Bottle,n/a,0,,,,?.99,?.49,0.3,VS2A,1,AV100,1,7.3581E+11
1621,0,Product,1206,/avocado-oil-persea-gratissima/2/,Avocado Oil (Persea gratissima),| (Persea gratissima) Avocado Oil,"avena, carrier, oil, base, beauty, avocado, aphrodisiac, skin, smooth, vitamin, youthful, creams, lotions",Our refined avocado oil is extracted from the flesh of the avocado fruit which consists of up to 30% pure oil. Avocado still carries its nickname 'alligator pear' as the avocado tree was first found growing in the South American swamp lands.,product.aspx,8/15/2012,1,8/15/2012,7/15/2019,24,0,1,0,1,0,0,20784,0,0,0,1206,14,,,,3.99,1.66,0,,220,0,0,,0,0,0,Size,n/a,,,,,,23|45|20,config,2242,1206,250ml Bottle,n/a,0,,,,?.99,?.99,0.55,VS1A,1,AV250,1,7.3581E+11
1621,0,Product,1206,/avocado-oil-persea-gratissima/2/,Avocado Oil (Persea gratissima),| (Persea gratissima) Avocado Oil,"avena, carrier, oil, base, beauty, avocado, aphrodisiac, skin, smooth, vitamin, youthful, creams, lotions",Our refined avocado oil is extracted from the flesh of the avocado fruit which consists of up to 30% pure oil. Avocado still carries its nickname 'alligator pear' as the avocado tree was first found growing in the South American swamp lands.,product.aspx,8/15/2012,1,8/15/2012,7/15/2019,24,0,1,0,1,0,0,20784,0,0,0,1206,14,,,,3.99,1.66,0,,220,0,0,,0,0,0,Size,n/a,,,,,,23|45|20,config,2243,1206,500ml Bottle,n/a,0,,,,?3.99,?.99,0.75,L4D,1,AV500,1,7.3581E+11
1621,0,Product,1206,/avocado-oil-persea-gratissima/2/,Avocado Oil (Persea gratissima),| (Persea gratissima) Avocado Oil,"avena, carrier, oil, base, beauty, avocado, aphrodisiac, skin, smooth, vitamin, youthful, creams, lotions",Our refined avocado oil is extracted from the flesh of the avocado fruit which consists of up to 30% pure oil. Avocado still carries its nickname 'alligator pear' as the avocado tree was first found growing in the South American swamp lands.,product.aspx,8/15/2012,1,8/15/2012,7/15/2019,24,0,1,0,1,0,0,20784,0,0,0,1206,14,,,,3.99,1.66,0,,220,0,0,,0,0,0,Size,n/a,,,,,,23|45|20,config,2241,1206,1ltr Bottle,n/a,0,,,,?4.99,?2.99,1.6,L4D,1,AV1TR,1,7.3581E+11
1621,0,Product,1206,/avocado-oil-persea-gratissima/2/,Avocado Oil (Persea gratissima),| (Persea gratissima) Avocado Oil,"avena, carrier, oil, base, beauty, avocado, aphrodisiac, skin, smooth, vitamin, youthful, creams, lotions",Our refined avocado oil is extracted from the flesh of the avocado fruit which consists of up to 30% pure oil. Avocado still carries its nickname 'alligator pear' as the avocado tree was first found growing in the South American swamp lands.,product.aspx,8/15/2012,1,8/15/2012,7/15/2019,24,0,1,0,1,0,0,20784,0,0,0,1206,14,,,,3.99,1.66,0,,220,0,0,,0,0,0,Size,n/a,,,,,,23|45|20,config,2244,1206,5kg Jerry Can,n/a,0,,,,?9.99,?2.99,6,T.O.,1,AV5KG,1,7.3581E+11
1623,0,Product,1208,/Ballotin-Chocolate-Bath-Gift-Box/,Ballotin Chocolate Bath Gift Box,| Gift Box Ballotin Chocolate,"Bath, Bath treat, Chocolate, Ballotin, Bath gift box",Ballotin bath gift box containing six chocolate themed bath treats from the cocoa butter melts range all packed in a Ballotin style gift box with a bow and info gift tag.,product.aspx,8/15/2012,1,8/15/2012,7/31/2020,2,0,1,0,0,0,0,9552,0,0,0,1208,14,,,,9.99,7.49,0,,300,0,0,B5C,0,0,0,Size,n/a,,,,,,18|33|47|56|71,config,2247,1208,n/a,n/a,0,,,,?4.99,?.99,0.5,B5E,1,GBALCHO06U,1,5.03703E+12
1626,0,Product,1211,/basil-essential-oil-ocimum-basilicum/,Basil Essential Oil (Ocimum Basilicum),| Pure Essential Oil Basil,"avena, essential, oil, pure, natural, blend, aromatherapy, beauty, basil","Basil essential oil is renowned as an excellent aromatic stimulant, clearing the head and bringing strength and clarity to the mind.",product.aspx,8/15/2012,1,8/15/2012,7/28/2020,2,0,1,0,1,0,0,11142,0,0,0,1211,14,,,,3.99,1.99,0,,220,0,0,,0,0,0,Size,n/a,,,,,,37|45,config,2251,1211,10ml,n/a,0,,,,?.99,?.99,0.07,,1,ESBAS/10,1,7.3581E+11
1626,0,Product,1211,/basil-essential-oil-ocimum-basilicum/,Basil Essential Oil (Ocimum Basilicum),| Pure Essential Oil Basil,"avena, essential, oil, pure, natural, blend, aromatherapy, beauty, basil","Basil essential oil is renowned as an excellent aromatic stimulant, clearing the head and bringing strength and clarity to the mind.",product.aspx,8/15/2012,1,8/15/2012,7/28/2020,2,0,1,0,1,0,0,11142,0,0,0,1211,14,,,,3.99,1.99,0,,220,0,0,,0,0,0,Size,n/a,,,,,,37|45,config,2252,1211,30ml,n/a,0,,,,?.99,?.99,0.1,,1,ESBAS/30,1,7.3581E+11
1626,0,Product,1211,/basil-essential-oil-ocimum-basilicum/,Basil Essential Oil (Ocimum Basilicum),| Pure Essential Oil Basil,"avena, essential, oil, pure, natural, blend, aromatherapy, beauty, basil","Basil essential oil is renowned as an excellent aromatic stimulant, clearing the head and bringing strength and clarity to the mind.",product.aspx,8/15/2012,1,8/15/2012,7/28/2020,2,0,1,0,1,0,0,11142,0,0,0,1211,14,,,,3.99,1.99,0,,220,0,0,,0,0,0,Size,n/a,,,,,,37|45,config,2250,1211,100ml Special Offer,n/a,0,,,,?9.99,?2.99,0.38,,1,ESBAS/100,1,7.3581E+11
1629,0,Product,1214,/bath-crystals-chunky-unscented-ideal-for-making-your-own-bath-products/2/,Bath Crystals Chunky & Unscented - Ideal for making your own bath products,| Unscented Chunky Bath Crystals,"avena, bath, crystal, water, dissolve, essential, oil, scent, relax","Loose natural bath crystals can be used to create your own unique bathing experience by adding essential oils, colours, floral pieces etc.",product.aspx,8/15/2012,1,8/15/2012,10/4/2018,2,0,1,0,0,0,0,7736,0,0,0,1214,14,,,,6.99,3.99,0,,1000,0,0,,0,0,0,Size,n/a,,,,,,18|23|45,config,2256,1214,1kg Bag,n/a,0,,,,?.99,?.99,1.5,L7F,1,AVBC1KG,1,6.15855E+11
1629,0,Product,1214,/bath-crystals-chunky-unscented-ideal-for-making-your-own-bath-products/2/,Bath Crystals Chunky & Unscented - Ideal for making your own bath products,| Unscented Chunky Bath Crystals,"avena, bath, crystal, water, dissolve, essential, oil, scent, relax","Loose natural bath crystals can be used to create your own unique bathing experience by adding essential oils, colours, floral pieces etc.",product.aspx,8/15/2012,1,8/15/2012,10/4/2018,2,0,1,0,0,0,0,7736,0,0,0,1214,14,,,,6.99,3.99,0,,1000,0,0,,0,0,0,Size,n/a,,,,,,18|23|45,config,2260,1214,5kg Bag,n/a,0,,,,?9.99,?5.99,5.4,L7F,1,AVBC5KG,1,6.15855E+11
1633,0,Product,1218,/Bath-Oil-For-Itchy-Skin/,Bath Oil For Itchy Skin,| Itchy Skin Body Bath Oil,"avena, bath, oil, itch, skin, dry, soak, natural, essential, protect","A selection of full strength natural oils blended into this soothing bath oil that can be applied directly onto the skin, reputed to aid those irritating itching areas or problematic, dry skin patches.",product.aspx,8/15/2012,1,8/15/2012,7/6/2019,24,0,1,0,1,0,0,14316,0,0,0,1218,14,,,,7.99,3.33,0,,220,0,0,,0,0,0,Size,n/a,,,,,,18,config,2264,1218,100ml Bottle,n/a,0,,,,?.99,?.33,0.38,VS3A,1,AVOIL8/100,1,7.3581E+11
1633,0,Product,1218,/Bath-Oil-For-Itchy-Skin/,Bath Oil For Itchy Skin,| Itchy Skin Body Bath Oil,"avena, bath, oil, itch, skin, dry, soak, natural, essential, protect","A selection of full strength natural oils blended into this soothing bath oil that can be applied directly onto the skin, reputed to aid those irritating itching areas or problematic, dry skin patches.",product.aspx,8/15/2012,1,8/15/2012,7/6/2019,24,0,1,0,1,0,0,14316,0,0,0,1218,14,,,,7.99,3.33,0,,220,0,0,,0,0,0,Size,n/a,,,,,,18,config,2265,1218,250ml Bottle,n/a,0,,,,?7.99,?.49,0.55,K,1,AVOIL8/250,1,7.3581E+11
1633,0,Product,1218,/Bath-Oil-For-Itchy-Skin/,Bath Oil For Itchy Skin,| Itchy Skin Body Bath Oil,"avena, bath, oil, itch, skin, dry, soak, natural, essential, protect","A selection of full strength natural oils blended into this soothing bath oil that can be applied directly onto the skin, reputed to aid those irritating itching areas or problematic, dry skin patches.",product.aspx,8/15/2012,1,8/15/2012,7/6/2019,24,0,1,0,1,0,0,14316,0,0,0,1218,14,,,,7.99,3.33,0,,220,0,0,,0,0,0,Size,n/a,,,,,,18,config,2266,1218,500ml Bottle,n/a,0,,,,?9.99,?2.50,0.75,K,1,AVOIL8/500,1,7.3581E+11
1634,0,Product,1219,/bay-essential-oil-pimenta-racemosa/,Bay Essential Oil (Pimenta Racemosa),| Pure Essential Oil Bay,"avena, essential, oil, pure, natural, blend, aromatherapy, beauty, bay","Bay is known as a calming and warming essential oil and is used in remedies for rheumatism, muscular pain, circulation problems and general aches and pains.",product.aspx,8/15/2012,1,8/15/2012,10/28/2020,2,0,1,0,1,0,0,11170,0,0,0,1219,14,,,,12.99,7.99,0,,220,0,0,,0,0,0,Size,n/a,,,,,,37|16,config,2268,1219,10ml,n/a,0,,,,?2.99,?.99,0.07,,1,ESBAY/10,1,7.3581E+11
1634,0,Product,1219,/bay-essential-oil-pimenta-racemosa/,Bay Essential Oil (Pimenta Racemosa),| Pure Essential Oil Bay,"avena, essential, oil, pure, natural, blend, aromatherapy, beauty, bay","Bay is known as a calming and warming essential oil and is used in remedies for rheumatism, muscular pain, circulation problems and general aches and pains.",product.aspx,8/15/2012,1,8/15/2012,10/28/2020,2,0,1,0,1,0,0,11170,0,0,0,1219,14,,,,12.99,7.99,0,,220,0,0,,0,0,0,Size,n/a,,,,,,37|16,config,2269,1219,30ml,n/a,0,,,,?4.99,?9.99,0.1,,1,ESBAY/30,1,7.3581E+11
1634,0,Product,1219,/bay-essential-oil-pimenta-racemosa/,Bay Essential Oil (Pimenta Racemosa),| Pure Essential Oil Bay,"avena, essential, oil, pure, natural, blend, aromatherapy, beauty, bay","Bay is known as a calming and warming essential oil and is used in remedies for rheumatism, muscular pain, circulation problems and general aches and pains.",product.aspx,8/15/2012,1,8/15/2012,10/28/2020,2,0,1,0,1,0,0,11170,0,0,0,1219,14,,,,12.99,7.99,0,,220,0,0,,0,0,0,Size,n/a,,,,,,37|16,config,2267,1219,100ml,n/a,0,,,,?9.99,?4.99,0.38,,1,ESBAY/100,1,7.3581E+11
1638,0,Product,1223,/beeswax-cera-alba-white-pellets/,Beeswax (Cera alba) White Pellets,White Pellets Beeswax Cera Alba,"avena, bees, wax, candle, soap, blend, base, use",Beeswax is produced by honey bees as an exudation from the segments on the underside of the abdomen after gorging on honey or sugar syrup.,product.aspx,8/15/2012,1,8/15/2012,10/28/2020,2,0,1,0,1,0,0,10610,0,0,0,1223,14,,,,4.99,3.49,0,,100,0,0,,0,0,0,Size,n/a,,,,,,23,config,2274,1223,100g Jar,n/a,0,,,,?.99,?.49,0.4,L5B,1,BWW100,1,7.3581E+11
1638,0,Product,1223,/beeswax-cera-alba-white-pellets/,Beeswax (Cera alba) White Pellets,White Pellets Beeswax Cera Alba,"avena, bees, wax, candle, soap, blend, base, use",Beeswax is produced by honey bees as an exudation from the segments on the underside of the abdomen after gorging on honey or sugar syrup.,product.aspx,8/15/2012,1,8/15/2012,10/28/2020,2,0,1,0,1,0,0,10610,0,0,0,1223,14,,,,4.99,3.49,0,,100,0,0,,0,0,0,Size,n/a,,,,,,23,config,2276,1223,500g Bag,n/a,0,,,,?6.99,?2.99,1,K,1,BWW500,1,7.3581E+11
1638,0,Product,1223,/beeswax-cera-alba-white-pellets/,Beeswax (Cera alba) White Pellets,White Pellets Beeswax Cera Alba,"avena, bees, wax, candle, soap, blend, base, use",Beeswax is produced by honey bees as an exudation from the segments on the underside of the abdomen after gorging on honey or sugar syrup.,product.aspx,8/15/2012,1,8/15/2012,10/28/2020,2,0,1,0,1,0,0,10610,0,0,0,1223,14,,,,4.99,3.49,0,,100,0,0,,0,0,0,Size,n/a,,,,,,23,config,2275,1223,1kg Bag,n/a,0,,,,?9.99,?9.99,1.5,K,1,BWW1KG,1,7.3581E+11
1639,0,Product,1224,/benzoin-essential-oil-styrax-benzoin/2/,Benzoin Essential Oil (Styrax benzoin),| Pure Essential Oil Benzoin,"avena, essential, oil, pure, natural, blend, aromatherapy, beauty, benzoin",Benzoin is a warm energy-giving essential oil that relieves tension and is used in many creams and balms as a natural preservative.,product.aspx,8/15/2012,1,8/15/2012,10/28/2020,2,0,1,0,1,0,0,11154,0,0,0,1224,14,,,,2.99,1.99,0,,220,0,0,,0,0,0,Size,n/a,,,,,,37,config,2279,1224,10ml,n/a,0,,,,?.99,?.99,0.07,,1,ESBEN/10,1,7.3581E+11
1639,0,Product,1224,/benzoin-essential-oil-styrax-benzoin/2/,Benzoin Essential Oil (Styrax benzoin),| Pure Essential Oil Benzoin,"avena, essential, oil, pure, natural, blend, aromatherapy, beauty, benzoin",Benzoin is a warm energy-giving essential oil that relieves tension and is used in many creams and balms as a natural preservative.,product.aspx,8/15/2012,1,8/15/2012,10/28/2020,2,0,1,0,1,0,0,11154,0,0,0,1224,14,,,,2.99,1.99,0,,220,0,0,,0,0,0,Size,n/a,,,,,,37,config,2280,1224,30ml,n/a,0,,,,?.99,?.99,0.1,,1,ESBEN/30,1,7.3581E+11
1639,0,Product,1224,/benzoin-essential-oil-styrax-benzoin/2/,Benzoin Essential Oil (Styrax benzoin),| Pure Essential Oil Benzoin,"avena, essential, oil, pure, natural, blend, aromatherapy, beauty, benzoin",Benzoin is a warm energy-giving essential oil that relieves tension and is used in many creams and balms as a natural preservative.,product.aspx,8/15/2012,1,8/15/2012,10/28/2020,2,0,1,0,1,0,0,11154,0,0,0,1224,14,,,,2.99,1.99,0,,220,0,0,,0,0,0,Size,n/a,,,,,,37,config,2278,1224,100ml Special Offer,n/a,0,,,,?9.99,?2.99,0.38,,1,ESBEN/100,1,7.3581E+11
1640,0,Product,1225,/bergamot-essential-oil-citrus-bergamia/,Bergamot Essential Oil (Citrus bergamia),| Pure Essential Oil Bergamot,"avena, essential, oil, pure, natural, blend, aromatherapy, beauty, bergamot","Bergamot essential oil has an uplifting aroma, is excellent for easing breathing difficulties, as an?ntiseptic for wounds and?o relieve abscesses, mouth infections and herpes.",product.aspx,8/15/2012,1,8/15/2012,10/28/2020,2,0,1,0,1,0,0,10153,0,0,0,1225,14,,,,3.99,1.99,0,,220,0,0,,0,0,0,Size,n/a,,,,,,37|7254,config,2283,1225,10ml,n/a,0,,,,?.99,?.99,0.07,,1,ESBER/10,1,7.3581E+11
1640,0,Product,1225,/bergamot-essential-oil-citrus-bergamia/,Bergamot Essential Oil (Citrus bergamia),| Pure Essential Oil Bergamot,"avena, essential, oil, pure, natural, blend, aromatherapy, beauty, bergamot","Bergamot essential oil has an uplifting aroma, is excellent for easing breathing difficulties, as an?ntiseptic for wounds and?o relieve abscesses, mouth infections and herpes.",product.aspx,8/15/2012,1,8/15/2012,10/28/2020,2,0,1,0,1,0,0,10153,0,0,0,1225,14,,,,3.99,1.99,0,,220,0,0,,0,0,0,Size,n/a,,,,,,37|7254,config,2284,1225,30ml,n/a,0,,,,?.99,?.99,0.1,,1,ESBER/30,1,7.3581E+11
1640,0,Product,1225,/bergamot-essential-oil-citrus-bergamia/,Bergamot Essential Oil (Citrus bergamia),| Pure Essential Oil Bergamot,"avena, essential, oil, pure, natural, blend, aromatherapy, beauty, bergamot","Bergamot essential oil has an uplifting aroma, is excellent for easing breathing difficulties, as an?ntiseptic for wounds and?o relieve abscesses, mouth infections and herpes.",product.aspx,8/15/2012,1,8/15/2012,10/28/2020,2,0,1,0,1,0,0,10153,0,0,0,1225,14,,,,3.99,1.99,0,,220,0,0,,0,0,0,Size,n/a,,,,,,37|7254,config,2282,1225,100ml Special Offer,n/a,0,,,,?9.99,?2.99,0.38,,1,ESBER/100,1,7.3581E+11
1641,0,Product,1226,/Black-Ammonite-Fossil/,Black Ammonite Fossil,| Fossil Black Ammonite,"fossil, black, ammonite, natural, spiral","Ammonite is named for Ammon, the Egyptian god of procreation and life. These ancient molluscs were similar to the modern squid or octopus, creatures of the open tropical seas",product.aspx,8/15/2012,1,8/15/2012,9/18/2016,6,0,1,0,0,0,0,2980,0,0,0,1226,14,,,,6.99,3.33,0,,100,0,0,,0,0,0,Size,n/a,,,,,,69,config,2286,1226,n/a,n/a,0,large_fossil_ammonite_black_fb01m.jpg,,,?.99,?.33,0.1,,1,FB0IM,1
1642,0,Product,1227,/Black-Ceramic-Goblet-Oil-Burner/,Black Ceramic Goblet Oil Burner,,,,product.aspx,8/15/2012,1,8/15/2012,9/9/2013,7,0,1,0,0,0,0,399,0,0,0,1227,14,,,,9.99,4.99,0,,500,0,0,,0,0,0,Size,n/a,,,,,,33|60,config,2287,1227,n/a,n/a,0,large_2780.jpg,,,?.99,?.99,0.5,,1,2780,1
1643,0,Product,1228,/black-cohosh-oil-cimicifuga-racemosa-tincture/2/,Black Cohosh Oil (Cimicifuga racemosa Tincture),,,,product.aspx,8/15/2012,1,8/15/2012,8/22/2016,2,0,1,0,0,0,0,4194,0,0,0,1228,14,,,,7.99,3.33,0,,220,0,0,,0,0,0,Size,n/a,,,,,,23,config,2288,1228,100ml,n/a,0,,,,?.99,?.33,0.22,,1,CRBCH/100,1,7.3581E+11
1644,0,Product,1229,/black-cumin-seed-cold-pressed-oil-nigella-sativa/,Black Cumin Seed Cold Pressed Oil (Nigella sativa),| (Nigella sativa) Black Cumin Seed Oil,"avena, carrier, oil, base, beauty, black, cumin, seed, fennel, flower, buttercup, nutrition, skin, care","Black cumin seed originates from the common fennel flower plant (Nigella sativa) of the buttercup (Ranunculaceae) family. It has been used as a natural remedy for more than 2,000 years for both nutrition and for skin care.",product.aspx,8/15/2012,1,8/15/2012,7/15/2019,24,0,1,0,1,0,0,16310,0,0,0,1229,14,,,,7.99,3.74,0,,220,0,0,,0,0,0,Size,n/a,,,,,,23|20|67,config,11441,1229,50ml Bottle with Pipette,,0,,,,?.99,?.99,0.3,VS2D/L4D,1,BC50,1,6.15855E+11
1644,0,Product,1229,/black-cumin-seed-cold-pressed-oil-nigella-sativa/,Black Cumin Seed Cold Pressed Oil (Nigella sativa),| (Nigella sativa) Black Cumin Seed Oil,"avena, carrier, oil, base, beauty, black, cumin, seed, fennel, flower, buttercup, nutrition, skin, care","Black cumin seed originates from the common fennel flower plant (Nigella sativa) of the buttercup (Ranunculaceae) family. It has been used as a natural remedy for more than 2,000 years for both nutrition and for skin care.",product.aspx,8/15/2012,1,8/15/2012,7/15/2019,24,0,1,0,1,0,0,16310,0,0,0,1229,14,,,,7.99,3.74,0,,220,0,0,,0,0,0,Size,n/a,,,,,,23|20|67,config,2291,1229,100ml Bottle,n/a,0,,,,?2.99,?.49,0.3,VS2A,1,BC100,1,7.3581E+11
1644,0,Product,1229,/black-cumin-seed-cold-pressed-oil-nigella-sativa/,Black Cumin Seed Cold Pressed Oil (Nigella sativa),| (Nigella sativa) Black Cumin Seed Oil,"avena, carrier, oil, base, beauty, black, cumin, seed, fennel, flower, buttercup, nutrition, skin, care","Black cumin seed originates from the common fennel flower plant (Nigella sativa) of the buttercup (Ranunculaceae) family. It has been used as a natural remedy for more than 2,000 years for both nutrition and for skin care.",product.aspx,8/15/2012,1,8/15/2012,7/15/2019,24,0,1,0,1,0,0,16310,0,0,0,1229,14,,,,7.99,3.74,0,,220,0,0,,0,0,0,Size,n/a,,,,,,23|20|67,config,2293,1229,250ml Bottle,n/a,0,,,,?9.99,?4.99,0.55,L4D,1,BC250,1,7.3581E+11
1644,0,Product,1229,/black-cumin-seed-cold-pressed-oil-nigella-sativa/,Black Cumin Seed Cold Pressed Oil (Nigella sativa),| (Nigella sativa) Black Cumin Seed Oil,"avena, carrier, oil, base, beauty, black, cumin, seed, fennel, flower, buttercup, nutrition, skin, care","Black cumin seed originates from the common fennel flower plant (Nigella sativa) of the buttercup (Ranunculaceae) family. It has been used as a natural remedy for more than 2,000 years for both nutrition and for skin care.",product.aspx,8/15/2012,1,8/15/2012,7/15/2019,24,0,1,0,1,0,0,16310,0,0,0,1229,14,,,,7.99,3.74,0,,220,0,0,,0,0,0,Size,n/a,,,,,,23|20|67,config,2294,1229,500ml Bottle,n/a,0,,,,?9.99,?4.99,0.75,L4D,1,BC500,1,7.3581E+11
1644,0,Product,1229,/black-cumin-seed-cold-pressed-oil-nigella-sativa/,Black Cumin Seed Cold Pressed Oil (Nigella sativa),| (Nigella sativa) Black Cumin Seed Oil,"avena, carrier, oil, base, beauty, black, cumin, seed, fennel, flower, buttercup, nutrition, skin, care","Black cumin seed originates from the common fennel flower plant (Nigella sativa) of the buttercup (Ranunculaceae) family. It has been used as a natural remedy for more than 2,000 years for both nutrition and for skin care.",product.aspx,8/15/2012,1,8/15/2012,7/15/2019,24,0,1,0,1,0,0,16310,0,0,0,1229,14,,,,7.99,3.74,0,,220,0,0,,0,0,0,Size,n/a,,,,,,23|20|67,config,2292,1229,1ltr Bottle,n/a,0,,,,?9.99,?4.99,1.6,L4D,1,BC1LTR,1,7.3581E+11
1644,0,Product,1229,/black-cumin-seed-cold-pressed-oil-nigella-sativa/,Black Cumin Seed Cold Pressed Oil (Nigella sativa),| (Nigella sativa) Black Cumin Seed Oil,"avena, carrier, oil, base, beauty, black, cumin, seed, fennel, flower, buttercup, nutrition, skin, care","Black cumin seed originates from the common fennel flower plant (Nigella sativa) of the buttercup (Ranunculaceae) family. It has been used as a natural remedy for more than 2,000 years for both nutrition and for skin care.",product.aspx,8/15/2012,1,8/15/2012,7/15/2019,24,0,1,0,1,0,0,16310,0,0,0,1229,14,,,,7.99,3.74,0,,220,0,0,,0,0,0,Size,n/a,,,,,,23|20|67,config,9611,1229,5kg Jerry Can,,0,,,,?29.99,?79.99,6,T.O.,1,BC5KG,1,6.15855E+11
